﻿<charts>
  <chart>
    <Date>26/12/1994</Date>
    <Microsoft>3.8047</Microsoft>
    <Apple>1.3884</Apple>
  </chart>
  <chart>
    <Date>26/01/1995</Date>
    <Microsoft>3.7422</Microsoft>
    <Apple>1.4107</Apple>
  </chart>
  <chart>
    <Date>26/02/1995</Date>
    <Microsoft>3.8281</Microsoft>
    <Apple>1.3929</Apple>
  </chart>
  <chart>
    <Date>26/03/1995</Date>
    <Microsoft>4.6172</Microsoft>
    <Apple>1.3482</Apple>
  </chart>
  <chart>
    <Date>26/04/1995</Date>
    <Microsoft>4.9766</Microsoft>
    <Apple>1.3661</Apple>
  </chart>
  <chart>
    <Date>26/05/1995</Date>
    <Microsoft>5.4687</Microsoft>
    <Apple>1.5246</Apple>
  </chart>
  <chart>
    <Date>26/06/1995</Date>
    <Microsoft>5.6094</Microsoft>
    <Apple>1.7188</Apple>
  </chart>
  <chart>
    <Date>26/07/1995</Date>
    <Microsoft>6</Microsoft>
    <Apple>1.6205</Apple>
  </chart>
  <chart>
    <Date>26/08/1995</Date>
    <Microsoft>5.8984</Microsoft>
    <Apple>1.5982</Apple>
  </chart>
  <chart>
    <Date>26/09/1995</Date>
    <Microsoft>5.5156</Microsoft>
    <Apple>1.3348</Apple>
  </chart>
  <chart>
    <Date>26/10/1995</Date>
    <Microsoft>6.125</Microsoft>
    <Apple>1.2455</Apple>
  </chart>
  <chart>
    <Date>26/11/1995</Date>
    <Microsoft>5.5</Microsoft>
    <Apple>1.4353</Apple>
  </chart>
  <chart>
    <Date>26/12/1995</Date>
    <Microsoft>5.6406</Microsoft>
    <Apple>1.1451</Apple>
  </chart>
  <chart>
    <Date>26/01/1996</Date>
    <Microsoft>5.6562</Microsoft>
    <Apple>1.0938</Apple>
  </chart>
  <chart>
    <Date>26/02/1996</Date>
    <Microsoft>6.2891</Microsoft>
    <Apple>1.0536</Apple>
  </chart>
  <chart>
    <Date>26/03/1996</Date>
    <Microsoft>6.4219</Microsoft>
    <Apple>0.8527</Apple>
  </chart>
  <chart>
    <Date>26/04/1996</Date>
    <Microsoft>7.0937</Microsoft>
    <Apple>0.8839</Apple>
  </chart>
  <chart>
    <Date>26/05/1996</Date>
    <Microsoft>7.4062</Microsoft>
    <Apple>0.9554</Apple>
  </chart>
  <chart>
    <Date>26/06/1996</Date>
    <Microsoft>7.5312</Microsoft>
    <Apple>0.7098</Apple>
  </chart>
  <chart>
    <Date>26/07/1996</Date>
    <Microsoft>7.4453</Microsoft>
    <Apple>0.7857</Apple>
  </chart>
  <chart>
    <Date>26/08/1996</Date>
    <Microsoft>7.6797</Microsoft>
    <Apple>0.8616</Apple>
  </chart>
  <chart>
    <Date>26/09/1996</Date>
    <Microsoft>8.25</Microsoft>
    <Apple>0.7991</Apple>
  </chart>
  <chart>
    <Date>26/10/1996</Date>
    <Microsoft>8.5273</Microsoft>
    <Apple>0.875</Apple>
  </chart>
  <chart>
    <Date>26/11/1996</Date>
    <Microsoft>9.6094</Microsoft>
    <Apple>0.8661</Apple>
  </chart>
  <chart>
    <Date>26/12/1996</Date>
    <Microsoft>10.6875</Microsoft>
    <Apple>0.8214</Apple>
  </chart>
  <chart>
    <Date>26/01/1997</Date>
    <Microsoft>11.9922</Microsoft>
    <Apple>0.6027</Apple>
  </chart>
  <chart>
    <Date>26/02/1997</Date>
    <Microsoft>12.5313</Microsoft>
    <Apple>0.6116</Apple>
  </chart>
  <chart>
    <Date>26/03/1997</Date>
    <Microsoft>11.7813</Microsoft>
    <Apple>0.5982</Apple>
  </chart>
  <chart>
    <Date>26/04/1997</Date>
    <Microsoft>14.2031</Microsoft>
    <Apple>0.625</Apple>
  </chart>
  <chart>
    <Date>26/05/1997</Date>
    <Microsoft>15.3594</Microsoft>
    <Apple>0.6027</Apple>
  </chart>
  <chart>
    <Date>26/06/1997</Date>
    <Microsoft>16.0312</Microsoft>
    <Apple>0.5246</Apple>
  </chart>
  <chart>
    <Date>26/07/1997</Date>
    <Microsoft>17.3125</Microsoft>
    <Apple>0.5804</Apple>
  </chart>
  <chart>
    <Date>26/08/1997</Date>
    <Microsoft>16.875</Microsoft>
    <Apple>0.7946</Apple>
  </chart>
  <chart>
    <Date>26/09/1997</Date>
    <Microsoft>16.6719</Microsoft>
    <Apple>0.7612</Apple>
  </chart>
  <chart>
    <Date>26/10/1997</Date>
    <Microsoft>16.9219</Microsoft>
    <Apple>0.5915</Apple>
  </chart>
  <chart>
    <Date>26/11/1997</Date>
    <Microsoft>17.6953</Microsoft>
    <Apple>0.625</Apple>
  </chart>
  <chart>
    <Date>26/12/1997</Date>
    <Microsoft>15.0938</Microsoft>
    <Apple>0.4754</Apple>
  </chart>
  <chart>
    <Date>26/01/1998</Date>
    <Microsoft>17.7188</Microsoft>
    <Apple>0.6942</Apple>
  </chart>
  <chart>
    <Date>26/02/1998</Date>
    <Microsoft>21.375</Microsoft>
    <Apple>0.8393</Apple>
  </chart>
  <chart>
    <Date>26/03/1998</Date>
    <Microsoft>22.0625</Microsoft>
    <Apple>0.9487</Apple>
  </chart>
  <chart>
    <Date>26/04/1998</Date>
    <Microsoft>23.0312</Microsoft>
    <Apple>0.9978</Apple>
  </chart>
  <chart>
    <Date>26/05/1998</Date>
    <Microsoft>20.9062</Microsoft>
    <Apple>0.9531</Apple>
  </chart>
  <chart>
    <Date>26/06/1998</Date>
    <Microsoft>26.1094</Microsoft>
    <Apple>1.0067</Apple>
  </chart>
  <chart>
    <Date>26/07/1998</Date>
    <Microsoft>28.4531</Microsoft>
    <Apple>1.2388</Apple>
  </chart>
  <chart>
    <Date>26/08/1998</Date>
    <Microsoft>28.1406</Microsoft>
    <Apple>1.442</Apple>
  </chart>
  <chart>
    <Date>26/09/1998</Date>
    <Microsoft>28.2656</Microsoft>
    <Apple>1.3839</Apple>
  </chart>
  <chart>
    <Date>26/10/1998</Date>
    <Microsoft>26.7656</Microsoft>
    <Apple>1.3371</Apple>
  </chart>
  <chart>
    <Date>26/11/1998</Date>
    <Microsoft>31.0625</Microsoft>
    <Apple>1.2545</Apple>
  </chart>
  <chart>
    <Date>26/12/1998</Date>
    <Microsoft>35.4375</Microsoft>
    <Apple>1.4018</Apple>
  </chart>
  <chart>
    <Date>26/01/1999</Date>
    <Microsoft>42.8906</Microsoft>
    <Apple>1.4464</Apple>
  </chart>
  <chart>
    <Date>26/02/1999</Date>
    <Microsoft>37.5313</Microsoft>
    <Apple>1.2433</Apple>
  </chart>
  <chart>
    <Date>26/03/1999</Date>
    <Microsoft>44.5313</Microsoft>
    <Apple>1.1875</Apple>
  </chart>
  <chart>
    <Date>26/04/1999</Date>
    <Microsoft>44</Microsoft>
    <Apple>1.4621</Apple>
  </chart>
  <chart>
    <Date>26/05/1999</Date>
    <Microsoft>39.25</Microsoft>
    <Apple>1.5737</Apple>
  </chart>
  <chart>
    <Date>26/06/1999</Date>
    <Microsoft>42.4688</Microsoft>
    <Apple>1.5067</Apple>
  </chart>
  <chart>
    <Date>26/07/1999</Date>
    <Microsoft>43.8125</Microsoft>
    <Apple>1.8192</Apple>
  </chart>
  <chart>
    <Date>26/08/1999</Date>
    <Microsoft>47.3125</Microsoft>
    <Apple>2.2188</Apple>
  </chart>
  <chart>
    <Date>26/09/1999</Date>
    <Microsoft>45.4688</Microsoft>
    <Apple>2.3192</Apple>
  </chart>
  <chart>
    <Date>26/10/1999</Date>
    <Microsoft>46.1875</Microsoft>
    <Apple>2.6808</Apple>
  </chart>
  <chart>
    <Date>26/11/1999</Date>
    <Microsoft>45.5625</Microsoft>
    <Apple>3.3951</Apple>
  </chart>
  <chart>
    <Date>26/12/1999</Date>
    <Microsoft>58.7188</Microsoft>
    <Apple>3.6964</Apple>
  </chart>
  <chart>
    <Date>26/01/2000</Date>
    <Microsoft>49.6875</Microsoft>
    <Apple>3.9353</Apple>
  </chart>
  <chart>
    <Date>26/02/2000</Date>
    <Microsoft>45.6563</Microsoft>
    <Apple>3.942</Apple>
  </chart>
  <chart>
    <Date>26/03/2000</Date>
    <Microsoft>55.8438</Microsoft>
    <Apple>4.9531</Apple>
  </chart>
  <chart>
    <Date>26/04/2000</Date>
    <Microsoft>34</Microsoft>
    <Apple>4.3326</Apple>
  </chart>
  <chart>
    <Date>26/05/2000</Date>
    <Microsoft>30.7188</Microsoft>
    <Apple>3.0848</Apple>
  </chart>
  <chart>
    <Date>26/06/2000</Date>
    <Microsoft>39.75</Microsoft>
    <Apple>3.8661</Apple>
  </chart>
  <chart>
    <Date>26/07/2000</Date>
    <Microsoft>33.9063</Microsoft>
    <Apple>3.5759</Apple>
  </chart>
  <chart>
    <Date>26/08/2000</Date>
    <Microsoft>35.3125</Microsoft>
    <Apple>4.058</Apple>
  </chart>
  <chart>
    <Date>26/09/2000</Date>
    <Microsoft>31.3438</Microsoft>
    <Apple>3.6741</Apple>
  </chart>
  <chart>
    <Date>26/10/2000</Date>
    <Microsoft>32.2188</Microsoft>
    <Apple>1.3214</Apple>
  </chart>
  <chart>
    <Date>26/11/2000</Date>
    <Microsoft>34.9688</Microsoft>
    <Apple>1.3795</Apple>
  </chart>
  <chart>
    <Date>26/12/2000</Date>
    <Microsoft>23.4375</Microsoft>
    <Apple>1.0491</Apple>
  </chart>
  <chart>
    <Date>26/01/2001</Date>
    <Microsoft>32</Microsoft>
    <Apple>1.3973</Apple>
  </chart>
  <chart>
    <Date>26/02/2001</Date>
    <Microsoft>29.7813</Microsoft>
    <Apple>1.3929</Apple>
  </chart>
  <chart>
    <Date>26/03/2001</Date>
    <Microsoft>28.0313</Microsoft>
    <Apple>1.5557</Apple>
  </chart>
  <chart>
    <Date>26/04/2001</Date>
    <Microsoft>34.565</Microsoft>
    <Apple>1.7636</Apple>
  </chart>
  <chart>
    <Date>26/05/2001</Date>
    <Microsoft>35.455</Microsoft>
    <Apple>1.6257</Apple>
  </chart>
  <chart>
    <Date>26/06/2001</Date>
    <Microsoft>35.07</Microsoft>
    <Apple>1.6964</Apple>
  </chart>
  <chart>
    <Date>26/07/2001</Date>
    <Microsoft>33.295</Microsoft>
    <Apple>1.3279</Apple>
  </chart>
  <chart>
    <Date>26/08/2001</Date>
    <Microsoft>31.025</Microsoft>
    <Apple>1.3264</Apple>
  </chart>
  <chart>
    <Date>26/09/2001</Date>
    <Microsoft>25.135</Microsoft>
    <Apple>1.0821</Apple>
  </chart>
  <chart>
    <Date>26/10/2001</Date>
    <Microsoft>31.1</Microsoft>
    <Apple>1.3336</Apple>
  </chart>
  <chart>
    <Date>26/11/2001</Date>
    <Microsoft>32.57</Microsoft>
    <Apple>1.5264</Apple>
  </chart>
  <chart>
    <Date>26/12/2001</Date>
    <Microsoft>33.84</Microsoft>
    <Apple>1.535</Apple>
  </chart>
  <chart>
    <Date>26/01/2002</Date>
    <Microsoft>31.9</Microsoft>
    <Apple>1.6607</Apple>
  </chart>
  <chart>
    <Date>26/02/2002</Date>
    <Microsoft>29.275</Microsoft>
    <Apple>1.6907</Apple>
  </chart>
  <chart>
    <Date>26/03/2002</Date>
    <Microsoft>29.54</Microsoft>
    <Apple>1.6757</Apple>
  </chart>
  <chart>
    <Date>26/04/2002</Date>
    <Microsoft>25.75</Microsoft>
    <Apple>1.6436</Apple>
  </chart>
  <chart>
    <Date>26/05/2002</Date>
    <Microsoft>26.63</Microsoft>
    <Apple>1.725</Apple>
  </chart>
  <chart>
    <Date>26/06/2002</Date>
    <Microsoft>27.065</Microsoft>
    <Apple>1.1821</Apple>
  </chart>
  <chart>
    <Date>26/07/2002</Date>
    <Microsoft>22.675</Microsoft>
    <Apple>1.0243</Apple>
  </chart>
  <chart>
    <Date>26/08/2002</Date>
    <Microsoft>26.05</Microsoft>
    <Apple>1.1093</Apple>
  </chart>
  <chart>
    <Date>26/09/2002</Date>
    <Microsoft>23.1</Microsoft>
    <Apple>1.05</Apple>
  </chart>
  <chart>
    <Date>26/10/2002</Date>
    <Microsoft>26.34</Microsoft>
    <Apple>1.1014</Apple>
  </chart>
  <chart>
    <Date>26/11/2002</Date>
    <Microsoft>28.45</Microsoft>
    <Apple>1.1007</Apple>
  </chart>
  <chart>
    <Date>26/12/2002</Date>
    <Microsoft>26.695</Microsoft>
    <Apple>1.0286</Apple>
  </chart>
  <chart>
    <Date>26/01/2003</Date>
    <Microsoft>24.925</Microsoft>
    <Apple>0.9857</Apple>
  </chart>
  <chart>
    <Date>26/02/2003</Date>
    <Microsoft>23.6</Microsoft>
    <Apple>1.0357</Apple>
  </chart>
  <chart>
    <Date>26/03/2003</Date>
    <Microsoft>25.25</Microsoft>
    <Apple>1.0293</Apple>
  </chart>
  <chart>
    <Date>26/04/2003</Date>
    <Microsoft>25.21</Microsoft>
    <Apple>0.9536</Apple>
  </chart>
  <chart>
    <Date>26/05/2003</Date>
    <Microsoft>24.22</Microsoft>
    <Apple>1.3086</Apple>
  </chart>
  <chart>
    <Date>26/06/2003</Date>
    <Microsoft>25.75</Microsoft>
    <Apple>1.3779</Apple>
  </chart>
  <chart>
    <Date>26/07/2003</Date>
    <Microsoft>26.89</Microsoft>
    <Apple>1.5386</Apple>
  </chart>
  <chart>
    <Date>26/08/2003</Date>
    <Microsoft>26.57</Microsoft>
    <Apple>1.5036</Apple>
  </chart>
  <chart>
    <Date>26/09/2003</Date>
    <Microsoft>28.19</Microsoft>
    <Apple>1.4779</Apple>
  </chart>
  <chart>
    <Date>26/10/2003</Date>
    <Microsoft>26.61</Microsoft>
    <Apple>1.6143</Apple>
  </chart>
  <chart>
    <Date>26/11/2003</Date>
    <Microsoft>25.45</Microsoft>
    <Apple>1.48</Apple>
  </chart>
  <chart>
    <Date>26/12/2003</Date>
    <Microsoft>27.21</Microsoft>
    <Apple>1.4843</Apple>
  </chart>
  <chart>
    <Date>26/01/2004</Date>
    <Microsoft>28.8</Microsoft>
    <Apple>1.6436</Apple>
  </chart>
  <chart>
    <Date>26/02/2004</Date>
    <Microsoft>26.5</Microsoft>
    <Apple>1.6457</Apple>
  </chart>
  <chart>
    <Date>26/03/2004</Date>
    <Microsoft>25.03</Microsoft>
    <Apple>1.9314</Apple>
  </chart>
  <chart>
    <Date>26/04/2004</Date>
    <Microsoft>27.24</Microsoft>
    <Apple>1.9379</Apple>
  </chart>
  <chart>
    <Date>26/05/2004</Date>
    <Microsoft>26.14</Microsoft>
    <Apple>2.0364</Apple>
  </chart>
  <chart>
    <Date>26/06/2004</Date>
    <Microsoft>28.57</Microsoft>
    <Apple>2.4071</Apple>
  </chart>
  <chart>
    <Date>26/07/2004</Date>
    <Microsoft>28.66</Microsoft>
    <Apple>2.2329</Apple>
  </chart>
  <chart>
    <Date>26/08/2004</Date>
    <Microsoft>27.44</Microsoft>
    <Apple>2.4757</Apple>
  </chart>
  <chart>
    <Date>26/09/2004</Date>
    <Microsoft>27.29</Microsoft>
    <Apple>2.6636</Apple>
  </chart>
  <chart>
    <Date>26/10/2004</Date>
    <Microsoft>27.9</Microsoft>
    <Apple>3.4264</Apple>
  </chart>
  <chart>
    <Date>26/11/2004</Date>
    <Microsoft>26.6</Microsoft>
    <Apple>4.6107</Apple>
  </chart>
  <chart>
    <Date>26/12/2004</Date>
    <Microsoft>27.01</Microsoft>
    <Apple>4.5721</Apple>
  </chart>
  <chart>
    <Date>26/01/2005</Date>
    <Microsoft>26.01</Microsoft>
    <Apple>5.1607</Apple>
  </chart>
  <chart>
    <Date>26/02/2005</Date>
    <Microsoft>25.25</Microsoft>
    <Apple>6.3564</Apple>
  </chart>
  <chart>
    <Date>26/03/2005</Date>
    <Microsoft>24.28</Microsoft>
    <Apple>6.0714</Apple>
  </chart>
  <chart>
    <Date>26/04/2005</Date>
    <Microsoft>24.76</Microsoft>
    <Apple>5.17</Apple>
  </chart>
  <chart>
    <Date>26/05/2005</Date>
    <Microsoft>25.9</Microsoft>
    <Apple>5.82</Apple>
  </chart>
  <chart>
    <Date>26/06/2005</Date>
    <Microsoft>25.04</Microsoft>
    <Apple>5.3943</Apple>
  </chart>
  <chart>
    <Date>26/07/2005</Date>
    <Microsoft>25.54</Microsoft>
    <Apple>6.2329</Apple>
  </chart>
  <chart>
    <Date>26/08/2005</Date>
    <Microsoft>26.97</Microsoft>
    <Apple>6.5343</Apple>
  </chart>
  <chart>
    <Date>26/09/2005</Date>
    <Microsoft>25.27</Microsoft>
    <Apple>7.6914</Apple>
  </chart>
  <chart>
    <Date>26/10/2005</Date>
    <Microsoft>25.1101</Microsoft>
    <Apple>8.1471</Apple>
  </chart>
  <chart>
    <Date>26/11/2005</Date>
    <Microsoft>27.76</Microsoft>
    <Apple>9.9057</Apple>
  </chart>
  <chart>
    <Date>26/12/2005</Date>
    <Microsoft>26.64</Microsoft>
    <Apple>10.4786</Apple>
  </chart>
  <chart>
    <Date>26/01/2006</Date>
    <Microsoft>26.5</Microsoft>
    <Apple>10.3329</Apple>
  </chart>
  <chart>
    <Date>26/02/2006</Date>
    <Microsoft>26.63</Microsoft>
    <Apple>10.2086</Apple>
  </chart>
  <chart>
    <Date>26/03/2006</Date>
    <Microsoft>27.01</Microsoft>
    <Apple>8.5657</Apple>
  </chart>
  <chart>
    <Date>26/04/2006</Date>
    <Microsoft>27.1</Microsoft>
    <Apple>9.7357</Apple>
  </chart>
  <chart>
    <Date>26/05/2006</Date>
    <Microsoft>23.72</Microsoft>
    <Apple>9.0784</Apple>
  </chart>
  <chart>
    <Date>26/06/2006</Date>
    <Microsoft>22.82</Microsoft>
    <Apple>8.4271</Apple>
  </chart>
  <chart>
    <Date>26/07/2006</Date>
    <Microsoft>24.37</Microsoft>
    <Apple>9.1243</Apple>
  </chart>
  <chart>
    <Date>26/08/2006</Date>
    <Microsoft>25.85</Microsoft>
    <Apple>9.8214</Apple>
  </chart>
  <chart>
    <Date>26/09/2006</Date>
    <Microsoft>27.2</Microsoft>
    <Apple>11.0871</Apple>
  </chart>
  <chart>
    <Date>26/10/2006</Date>
    <Microsoft>28.35</Microsoft>
    <Apple>11.7414</Apple>
  </chart>
  <chart>
    <Date>26/11/2006</Date>
    <Microsoft>29.76</Microsoft>
    <Apple>13.09</Apple>
  </chart>
  <chart>
    <Date>26/12/2006</Date>
    <Microsoft>29.99</Microsoft>
    <Apple>11.6443</Apple>
  </chart>
  <chart>
    <Date>26/01/2007</Date>
    <Microsoft>30.6</Microsoft>
    <Apple>12.1971</Apple>
  </chart>
  <chart>
    <Date>26/02/2007</Date>
    <Microsoft>29.07</Microsoft>
    <Apple>12.6643</Apple>
  </chart>
  <chart>
    <Date>26/03/2007</Date>
    <Microsoft>28.22</Microsoft>
    <Apple>13.6929</Apple>
  </chart>
  <chart>
    <Date>26/04/2007</Date>
    <Microsoft>29.1</Microsoft>
    <Apple>14.12</Apple>
  </chart>
  <chart>
    <Date>26/05/2007</Date>
    <Microsoft>30.48</Microsoft>
    <Apple>16.2314</Apple>
  </chart>
  <chart>
    <Date>26/06/2007</Date>
    <Microsoft>29.52</Microsoft>
    <Apple>17.0928</Apple>
  </chart>
  <chart>
    <Date>26/07/2007</Date>
    <Microsoft>29.98</Microsoft>
    <Apple>20.8571</Apple>
  </chart>
  <chart>
    <Date>26/08/2007</Date>
    <Microsoft>28.81</Microsoft>
    <Apple>19.3286</Apple>
  </chart>
  <chart>
    <Date>26/09/2007</Date>
    <Microsoft>29.5</Microsoft>
    <Apple>21.8243</Apple>
  </chart>
  <chart>
    <Date>26/10/2007</Date>
    <Microsoft>35.03</Microsoft>
    <Apple>26.3857</Apple>
  </chart>
  <chart>
    <Date>26/11/2007</Date>
    <Microsoft>32.97</Microsoft>
    <Apple>24.6488</Apple>
  </chart>
  <chart>
    <Date>26/12/2007</Date>
    <Microsoft>36.61</Microsoft>
    <Apple>28.4214</Apple>
  </chart>
  <chart>
    <Date>26/01/2008</Date>
    <Microsoft>32.94</Microsoft>
    <Apple>18.5728</Apple>
  </chart>
  <chart>
    <Date>26/02/2008</Date>
    <Microsoft>28.38</Microsoft>
    <Apple>17.0214</Apple>
  </chart>
  <chart>
    <Date>26/03/2008</Date>
    <Microsoft>28.56</Microsoft>
    <Apple>20.7228</Apple>
  </chart>
  <chart>
    <Date>26/04/2008</Date>
    <Microsoft>29.83</Microsoft>
    <Apple>24.2471</Apple>
  </chart>
  <chart>
    <Date>26/05/2008</Date>
    <Microsoft>28.05</Microsoft>
    <Apple>25.8814</Apple>
  </chart>
  <chart>
    <Date>26/06/2008</Date>
    <Microsoft>27.75</Microsoft>
    <Apple>24.0371</Apple>
  </chart>
  <chart>
    <Date>26/07/2008</Date>
    <Microsoft>26.16</Microsoft>
    <Apple>23.16</Apple>
  </chart>
  <chart>
    <Date>26/08/2008</Date>
    <Microsoft>27.27</Microsoft>
    <Apple>24.8057</Apple>
  </chart>
  <chart>
    <Date>26/09/2008</Date>
    <Microsoft>27.4</Microsoft>
    <Apple>18.32</Apple>
  </chart>
  <chart>
    <Date>26/10/2008</Date>
    <Microsoft>21.96</Microsoft>
    <Apple>13.7686</Apple>
  </chart>
  <chart>
    <Date>26/11/2008</Date>
    <Microsoft>20.49</Microsoft>
    <Apple>13.5714</Apple>
  </chart>
  <chart>
    <Date>26/12/2008</Date>
    <Microsoft>19.13</Microsoft>
    <Apple>12.2586</Apple>
  </chart>
  <chart>
    <Date>26/01/2009</Date>
    <Microsoft>17.63</Microsoft>
    <Apple>12.8057</Apple>
  </chart>
  <chart>
    <Date>26/02/2009</Date>
    <Microsoft>16.42</Microsoft>
    <Apple>12.7414</Apple>
  </chart>
  <chart>
    <Date>26/03/2009</Date>
    <Microsoft>18.83</Microsoft>
    <Apple>15.6957</Apple>
  </chart>
  <chart>
    <Date>26/04/2009</Date>
    <Microsoft>20.91</Microsoft>
    <Apple>17.7</Apple>
  </chart>
  <chart>
    <Date>26/05/2009</Date>
    <Microsoft>20.34</Microsoft>
    <Apple>18.6828</Apple>
  </chart>
  <chart>
    <Date>26/06/2009</Date>
    <Microsoft>23.35</Microsoft>
    <Apple>20.3486</Apple>
  </chart>
  <chart>
    <Date>26/07/2009</Date>
    <Microsoft>23.45</Microsoft>
    <Apple>22.8551</Apple>
  </chart>
  <chart>
    <Date>26/08/2009</Date>
    <Microsoft>24.55</Microsoft>
    <Apple>23.9157</Apple>
  </chart>
  <chart>
    <Date>26/09/2009</Date>
    <Microsoft>25.55</Microsoft>
    <Apple>26.0528</Apple>
  </chart>
  <chart>
    <Date>26/10/2009</Date>
    <Microsoft>28.68</Microsoft>
    <Apple>28.9257</Apple>
  </chart>
  <chart>
    <Date>26/11/2009</Date>
    <Microsoft>29.79</Microsoft>
    <Apple>29.17</Apple>
  </chart>
  <chart>
    <Date>26/12/2009</Date>
    <Microsoft>31</Microsoft>
    <Apple>29.8628</Apple>
  </chart>
  <chart>
    <Date>26/01/2010</Date>
    <Microsoft>29.5</Microsoft>
    <Apple>29.42</Apple>
  </chart>
  <chart>
    <Date>26/02/2010</Date>
    <Microsoft>28.67</Microsoft>
    <Apple>29.2314</Apple>
  </chart>
  <chart>
    <Date>26/03/2010</Date>
    <Microsoft>29.66</Microsoft>
    <Apple>32.9857</Apple>
  </chart>
  <chart>
    <Date>26/04/2010</Date>
    <Microsoft>31.11</Microsoft>
    <Apple>38.5</Apple>
  </chart>
  <chart>
    <Date>26/05/2010</Date>
    <Microsoft>25.01</Microsoft>
    <Apple>34.8727</Apple>
  </chart>
  <chart>
    <Date>26/06/2010</Date>
    <Microsoft>24.5325</Microsoft>
    <Apple>38.1</Apple>
  </chart>
  <chart>
    <Date>26/07/2010</Date>
    <Microsoft>26.1</Microsoft>
    <Apple>37.04</Apple>
  </chart>
  <chart>
    <Date>26/08/2010</Date>
    <Microsoft>23.82</Microsoft>
    <Apple>34.3257</Apple>
  </chart>
  <chart>
    <Date>26/09/2010</Date>
    <Microsoft>24.775</Microsoft>
    <Apple>41.76</Apple>
  </chart>
  <chart>
    <Date>26/10/2010</Date>
    <Microsoft>25.9</Microsoft>
    <Apple>44.0071</Apple>
  </chart>
  <chart>
    <Date>26/11/2010</Date>
    <Microsoft>25.33</Microsoft>
    <Apple>45.1085</Apple>
  </chart>
  <chart>
    <Date>26/12/2010</Date>
    <Microsoft>28.3</Microsoft>
    <Apple>46.2285</Apple>
  </chart>
  <chart>
    <Date>26/01/2011</Date>
    <Microsoft>28.78</Microsoft>
    <Apple>49.1214</Apple>
  </chart>
  <chart>
    <Date>26/02/2011</Date>
    <Microsoft>26.55</Microsoft>
    <Apple>49.7371</Apple>
  </chart>
  <chart>
    <Date>26/03/2011</Date>
    <Microsoft>25.62</Microsoft>
    <Apple>50.22</Apple>
  </chart>
  <chart>
    <Date>26/04/2011</Date>
    <Microsoft>26.19</Microsoft>
    <Apple>50.06</Apple>
  </chart>
  <chart>
    <Date>26/05/2011</Date>
    <Microsoft>24.67</Microsoft>
    <Apple>47.8571</Apple>
  </chart>
  <chart>
    <Date>26/06/2011</Date>
    <Microsoft>24.3</Microsoft>
    <Apple>46.6214</Apple>
  </chart>
  <chart>
    <Date>26/07/2011</Date>
    <Microsoft>28.08</Microsoft>
    <Apple>57.63</Apple>
  </chart>
  <chart>
    <Date>26/08/2011</Date>
    <Microsoft>25.25</Microsoft>
    <Apple>54.7971</Apple>
  </chart>
  <chart>
    <Date>26/09/2011</Date>
    <Microsoft>25.44</Microsoft>
    <Apple>57.5957</Apple>
  </chart>
  <chart>
    <Date>26/10/2011</Date>
    <Microsoft>26.59</Microsoft>
    <Apple>57.2285</Apple>
  </chart>
  <chart>
    <Date>26/11/2011</Date>
    <Microsoft>24.3</Microsoft>
    <Apple>51.9385</Apple>
  </chart>
  <chart>
    <Date>26/12/2011</Date>
    <Microsoft>26.03</Microsoft>
    <Apple>57.6185</Apple>
  </chart>
  <chart>
    <Date>26/01/2012</Date>
    <Microsoft>29.5</Microsoft>
    <Apple>63.5185</Apple>
  </chart>
  <chart>
    <Date>26/02/2012</Date>
    <Microsoft>31.48</Microsoft>
    <Apple>74.63</Apple>
  </chart>
  <chart>
    <Date>26/03/2012</Date>
    <Microsoft>32.59</Microsoft>
    <Apple>86.7114</Apple>
  </chart>
  <chart>
    <Date>26/04/2012</Date>
    <Microsoft>32.11</Microsoft>
    <Apple>86.8142</Apple>
  </chart>
  <chart>
    <Date>26/05/2012</Date>
    <Microsoft>29.06</Microsoft>
    <Apple>80.3271</Apple>
  </chart>
  <chart>
    <Date>26/06/2012</Date>
    <Microsoft>30.02</Microsoft>
    <Apple>81.7178</Apple>
  </chart>
  <chart>
    <Date>26/07/2012</Date>
    <Microsoft>29.16</Microsoft>
    <Apple>82.1257</Apple>
  </chart>
  <chart>
    <Date>26/08/2012</Date>
    <Microsoft>30.56</Microsoft>
    <Apple>94.746</Apple>
  </chart>
  <chart>
    <Date>26/09/2012</Date>
    <Microsoft>30.165</Microsoft>
    <Apple>95.0257</Apple>
  </chart>
  <chart>
    <Date>26/10/2012</Date>
    <Microsoft>28.21</Microsoft>
    <Apple>86.2857</Apple>
  </chart>
  <chart>
    <Date>26/11/2012</Date>
    <Microsoft>27.385</Microsoft>
    <Apple>84.2185</Apple>
  </chart>
  <chart>
    <Date>26/12/2012</Date>
    <Microsoft>26.86</Microsoft>
    <Apple>73.2856</Apple>
  </chart>
  <chart>
    <Date>26/01/2013</Date>
    <Microsoft>27.88</Microsoft>
    <Apple>62.84</Apple>
  </chart>
  <chart>
    <Date>26/02/2013</Date>
    <Microsoft>27.37</Microsoft>
    <Apple>64.1385</Apple>
  </chart>
  <chart>
    <Date>26/03/2013</Date>
    <Microsoft>28.155</Microsoft>
    <Apple>65.8766</Apple>
  </chart>
  <chart>
    <Date>26/04/2013</Date>
    <Microsoft>31.79</Microsoft>
    <Apple>59.6007</Apple>
  </chart>
  <chart>
    <Date>26/05/2013</Date>
    <Microsoft>34.269</Microsoft>
    <Apple>63.5928</Apple>
  </chart>
  <chart>
    <Date>26/06/2013</Date>
    <Microsoft>34.35</Microsoft>
    <Apple>56.8671</Apple>
  </chart>
  <chart>
    <Date>26/07/2013</Date>
    <Microsoft>31.62</Microsoft>
    <Apple>62.9986</Apple>
  </chart>
  <chart>
    <Date>26/08/2013</Date>
    <Microsoft>34.15</Microsoft>
    <Apple>71.8528</Apple>
  </chart>
  <chart>
    <Date>26/09/2013</Date>
    <Microsoft>32.77</Microsoft>
    <Apple>69.46</Apple>
  </chart>
  <chart>
    <Date>26/10/2013</Date>
    <Microsoft>35.73</Microsoft>
    <Apple>75.1368</Apple>
  </chart>
  <chart>
    <Date>26/11/2013</Date>
    <Microsoft>37.35</Microsoft>
    <Apple>76.2</Apple>
  </chart>
  <chart>
    <Date>26/12/2013</Date>
    <Microsoft>37.44</Microsoft>
    <Apple>80.5571</Apple>
  </chart>
  <chart>
    <Date>26/01/2014</Date>
    <Microsoft>36.805</Microsoft>
    <Apple>78.0099</Apple>
  </chart>
  <chart>
    <Date>26/02/2014</Date>
    <Microsoft>37.47</Microsoft>
    <Apple>73.9071</Apple>
  </chart>
  <chart>
    <Date>26/03/2014</Date>
    <Microsoft>39.79</Microsoft>
    <Apple>77.1114</Apple>
  </chart>
  <chart>
    <Date>26/04/2014</Date>
    <Microsoft>39.91</Microsoft>
    <Apple>81.7057</Apple>
  </chart>
  <chart>
    <Date>26/05/2014</Date>
    <Microsoft>40.12</Microsoft>
    <Apple>87.7328</Apple>
  </chart>
  <chart>
    <Date>26/06/2014</Date>
    <Microsoft>41.72</Microsoft>
    <Apple>90.9</Apple>
  </chart>
  <chart>
    <Date>26/07/2014</Date>
    <Microsoft>44.5</Microsoft>
    <Apple>97.671</Apple>
  </chart>
  <chart>
    <Date>26/08/2014</Date>
    <Microsoft>45.005</Microsoft>
    <Apple>100.889</Apple>
  </chart>
  <chart>
    <Date>26/09/2014</Date>
    <Microsoft>46.41</Microsoft>
    <Apple>100.75</Apple>
  </chart>
  <chart>
    <Date>26/10/2014</Date>
    <Microsoft>46.13</Microsoft>
    <Apple>105.22</Apple>
  </chart>
  <chart>
    <Date>26/11/2014</Date>
    <Microsoft>47.75</Microsoft>
    <Apple>119</Apple>
  </chart>
  <chart>
    <Date>26/12/2014</Date>
    <Microsoft>47.88</Microsoft>
    <Apple>113.99</Apple>
  </chart>
  <chart>
    <Date>26/01/2015</Date>
    <Microsoft>47.01</Microsoft>
    <Apple>113.1</Apple>
  </chart>
  <chart>
    <Date>26/02/2015</Date>
    <Microsoft>44.055</Microsoft>
    <Apple>130.415</Apple>
  </chart>
</charts>